name,categories,primaryCategories,combined_text,cluster,cluster_k5,cluster_name
"Two Door Top Load Pet Kennel Travel Crate Dog Cat Pet Cage Carrier Box Tray 23""","Carriers & Totes,Hard-Sided Carriers,Crates Kennels,Pet Supplies: International Shipping Available,Cat Supplies,Pet Supplies,Carriers & Crates,Custom Stores,Dog Supplies,Pet Products,Top Selection from AmazonPets",Animals & Pet Supplies,"Two Door Top Load Pet Kennel Travel Crate Dog Cat Pet Cage Carrier Box Tray 23"",Carriers & Totes,Hard-Sided Carriers,Crates Kennels,Pet Supplies: International Shipping Available,Cat Supplies,Pet Supplies,Carriers & Crates,Custom Stores,Dog Supplies,Pet Products,Top Selection from AmazonPets",0,4,Household & Pet Supplies
Oem Amazon Kindle Power Usb Adapter Wall Travel Charger Fire/dx/+micro Usb Cable,"Tablet & eBook Reader Accs,Consumer Electronics,Computers/Tablets & Networking,eBook Readers & Accessories,Electronics,Amazon Book Reader Accessory,Amazon Device Accessories,Other Multipurpose Batteries,Chargers & Sync Cables,Digital Device Accessory,Power Adapters",Electronics,"Oem Amazon Kindle Power Usb Adapter Wall Travel Charger Fire/dx/+micro Usb Cable,Tablet & eBook Reader Accs,Consumer Electronics,Computers/Tablets & Networking,eBook Readers & Accessories,Electronics,Amazon Book Reader Accessory,Amazon Device Accessories,Other Multipurpose Batteries,Chargers & Sync Cables,Digital Device Accessory,Power Adapters",4,4,Electronic Device Accessories
"Kindle Voyage E-reader, 6 High-Resolution Display (300 ppi) with Adaptive Built-in Light, PagePress Sensors, Wi-Fi - Includes Special Offers","eBook Readers,Electronics Features,Walmart for Business,Tablets,See more Amazon Kindle Voyage (Wi-Fi),Electronics,Amazon Ereaders,Office Electronics,iPad & Tablets,Kindle E-readers,E-Readers & Accessories,All Tablets,See more Amazon Kindle Voyage 4GB, Wi-Fi  3G (Unlocked...,Amazon Book Reader,Computers & Tablets",Electronics,"Kindle Voyage E-reader, 6 High-Resolution Display (300 ppi) with Adaptive Built-in Light, PagePress Sensors, Wi-Fi - Includes Special Offers,eBook Readers,Electronics Features,Walmart for Business,Tablets,See more Amazon Kindle Voyage (Wi-Fi),Electronics,Amazon Ereaders,Office Electronics,iPad & Tablets,Kindle E-readers,E-Readers & Accessories,All Tablets,See more Amazon Kindle Voyage 4GB, Wi-Fi  3G (Unlocked...,Amazon Book Reader,Computers & Tablets",1,3,Kindle E-Readers
"Kindle Voyage E-reader, 6 High-Resolution Display (300 ppi) with Adaptive Built-in Light, PagePress Sensors, Free 3G + Wi-Fi - Includes Special Offers","eBook Readers,E-Readers & Accessories,Amazon Book Reader,Computers & Tablets,Amazon Ereaders,Kindle E-readers","Electronics,Media","Kindle Voyage E-reader, 6 High-Resolution Display (300 ppi) with Adaptive Built-in Light, PagePress Sensors, Free 3G + Wi-Fi - Includes Special Offers,eBook Readers,E-Readers & Accessories,Amazon Book Reader,Computers & Tablets,Amazon Ereaders,Kindle E-readers",1,3,Kindle E-Readers
Kindle PowerFast International Charging Kit (for accelerated charging in over 200 countries),"Chargers & Adapters,Computers & Accessories,Fire Tablet Accessories,Electronics,Power Adapters & Cables,Amazon Tablet Accessory,Amazon Device Accessories,Digital Device Accessory,Tablet Accessories,Kindle Fire (2nd Generation) Accessories,Kindle Store,Power Adapters Cables,Amazon Devices,Chargers Adapters",Electronics,"Kindle PowerFast International Charging Kit (for accelerated charging in over 200 countries),Chargers & Adapters,Computers & Accessories,Fire Tablet Accessories,Electronics,Power Adapters & Cables,Amazon Tablet Accessory,Amazon Device Accessories,Digital Device Accessory,Tablet Accessories,Kindle Fire (2nd Generation) Accessories,Kindle Store,Power Adapters Cables,Amazon Devices,Chargers Adapters",4,4,Electronic Device Accessories
"Kindle Oasis E-reader with Leather Charging Cover - Walnut, 6 High-Resolution Display (300 ppi), Wi-Fi - Includes Special Offers","E-Readers & Accessories,EBook Readers,Amazon Book Reader,Computers & Tablets,Amazon Ereaders,Kindle E-readers,E-Readers","Electronics,Media","Kindle Oasis E-reader with Leather Charging Cover - Walnut, 6 High-Resolution Display (300 ppi), Wi-Fi - Includes Special Offers,E-Readers & Accessories,EBook Readers,Amazon Book Reader,Computers & Tablets,Amazon Ereaders,Kindle E-readers,E-Readers",1,3,Kindle E-Readers
"Kindle Oasis E-reader with Leather Charging Cover - Merlot, 6 High-Resolution Display (300 ppi), Wi-Fi - Includes Special Offers","eBook Readers,E-Readers & Accessories,Amazon Book Reader,Computers & Tablets,Amazon Ereaders,Kindle E-readers,E-Readers","Electronics,Media","Kindle Oasis E-reader with Leather Charging Cover - Merlot, 6 High-Resolution Display (300 ppi), Wi-Fi - Includes Special Offers,eBook Readers,E-Readers & Accessories,Amazon Book Reader,Computers & Tablets,Amazon Ereaders,Kindle E-readers,E-Readers",1,3,Kindle E-Readers
"Kindle Oasis E-reader with Leather Charging Cover - Black, 6"" High-Resolution Display (300 ppi), Wi-Fi - Includes Special Offers","Kindle E-readers,Electronics Features,Computers & Tablets,E-Readers & Accessories,E-Readers,eBook Readers",Electronics,"Kindle Oasis E-reader with Leather Charging Cover - Black, 6"" High-Resolution Display (300 ppi), Wi-Fi - Includes Special Offers,Kindle E-readers,Electronics Features,Computers & Tablets,E-Readers & Accessories,E-Readers,eBook Readers",1,3,Kindle E-Readers
"Kindle Oasis E-reader with Leather Charging Cover - Black, 6 High-Resolution Display (300 ppi), Wi-Fi - Includes Special Offers","eBook Readers,E-Readers & Accessories,Electronics Features,Amazon Book Reader,Computers & Tablets,Amazon Ereaders,Kindle E-readers,E-Readers",Electronics,"Kindle Oasis E-reader with Leather Charging Cover - Black, 6 High-Resolution Display (300 ppi), Wi-Fi - Includes Special Offers,eBook Readers,E-Readers & Accessories,Electronics Features,Amazon Book Reader,Computers & Tablets,Amazon Ereaders,Kindle E-readers,E-Readers",1,3,Kindle E-Readers
"Kindle E-reader - White, 6 Glare-Free Touchscreen Display, Wi-Fi - Includes Special Offers","Office,eBook Readers,Electronics Features,Walmart for Business,Tablets,Electronics,Amazon Ereaders,Office Electronics,iPad & Tablets,Kindle E-readers,All Tablets,Amazon Book Reader,Computers & Tablets","Office Supplies,Electronics","Kindle E-reader - White, 6 Glare-Free Touchscreen Display, Wi-Fi - Includes Special Offers,Office,eBook Readers,Electronics Features,Walmart for Business,Tablets,Electronics,Amazon Ereaders,Office Electronics,iPad & Tablets,Kindle E-readers,All Tablets,Amazon Book Reader,Computers & Tablets",1,3,Kindle E-Readers
"Fire Tablet, 7 Display, Wi-Fi, 16 GB - Includes Special Offers, Black","Fire Tablets,Computers/Tablets & Networking,Tablets,All Tablets,Amazon Tablets,Frys,Computers & Tablets,Tablets & eBook Readers",Electronics,"Fire Tablet, 7 Display, Wi-Fi, 16 GB - Includes Special Offers, Black,Fire Tablets,Computers/Tablets & Networking,Tablets,All Tablets,Amazon Tablets,Frys,Computers & Tablets,Tablets & eBook Readers",2,0,Electronic Devices
"Fire Tablet with Alexa, 7"" Display, 16 GB, Magenta - with Special Offers","Tablets,Fire Tablets,Electronics,iPad & Tablets,Android Tablets,Computers & Tablets,All Tablets",Electronics,"Fire Tablet with Alexa, 7"" Display, 16 GB, Magenta - with Special Offers,Tablets,Fire Tablets,Electronics,iPad & Tablets,Android Tablets,Computers & Tablets,All Tablets",2,0,Electronic Devices
"Fire Tablet with Alexa, 7 Display, 16 GB, Magenta - with Special Offers","Fire Tablets,Android Tablets,Tablets,All Tablets,Amazon Tablets,Electronics,Computers & Tablets,iPad & Tablets",Electronics,"Fire Tablet with Alexa, 7 Display, 16 GB, Magenta - with Special Offers,Fire Tablets,Android Tablets,Tablets,All Tablets,Amazon Tablets,Electronics,Computers & Tablets,iPad & Tablets",2,0,Electronic Devices
"Fire Tablet with Alexa, 7 Display, 16 GB, Blue - with Special Offers","Fire Tablets,Computers/Tablets & Networking,Tablets,All Tablets,Amazon Tablets,Computers & Tablets,Tablets & eBook Readers",Electronics,"Fire Tablet with Alexa, 7 Display, 16 GB, Blue - with Special Offers,Fire Tablets,Computers/Tablets & Networking,Tablets,All Tablets,Amazon Tablets,Computers & Tablets,Tablets & eBook Readers",2,0,Electronic Devices
Fire TV Stick Streaming Media Player Pair Kit,"Electronics,TVs Entertainment,Featured Brands,Other TV, Video & Audio Accs,College Tvs & Home Theater,Streaming Media Players,Fire TV,TVs Entertainment xbqxrzdteyyb,Ways To Shop,Amazon SMP,Electronics Features,TVs & Home Theater,TV, Video & Home Audio,On To College,Media Streamers,TV & Home Theater,TV, Video & Audio Accessories,Digital Device 4,All Streaming Media Players,College Electronics,Video Devices & TV Tuners,Consumer Electronics,TV & Video,Streaming Devices,Back To College,Amazon Devices,Amazon,Holiday Shop",Electronics,"Fire TV Stick Streaming Media Player Pair Kit,Electronics,TVs Entertainment,Featured Brands,Other TV, Video & Audio Accs,College Tvs & Home Theater,Streaming Media Players,Fire TV,TVs Entertainment xbqxrzdteyyb,Ways To Shop,Amazon SMP,Electronics Features,TVs & Home Theater,TV, Video & Home Audio,On To College,Media Streamers,TV & Home Theater,TV, Video & Audio Accessories,Digital Device 4,All Streaming Media Players,College Electronics,Video Devices & TV Tuners,Consumer Electronics,TV & Video,Streaming Devices,Back To College,Amazon Devices,Amazon,Holiday Shop",5,1,"TV, Streaming & Media Players"
"Fire Kids Edition Tablet, 7 Display, Wi-Fi, 16 GB, Pink Kid-Proof Case","Fire Tablets,Learning Toys,Toys,Tablets,Amazon Tablets,Electronics, Tech Toys, Movies, Music,Computers & Tablets,Kids' Tablets,Electronics,iPad & Tablets,Tablets for Kids","Toys & Games,Electronics","Fire Kids Edition Tablet, 7 Display, Wi-Fi, 16 GB, Pink Kid-Proof Case,Fire Tablets,Learning Toys,Toys,Tablets,Amazon Tablets,Electronics, Tech Toys, Movies, Music,Computers & Tablets,Kids' Tablets,Electronics,iPad & Tablets,Tablets for Kids",2,0,Electronic Devices
"Fire Kids Edition Tablet, 7 Display, Wi-Fi, 16 GB, Green Kid-Proof Case","Fire Tablets,Tablets,All Tablets,Amazon Tablets,Computers & Tablets",Electronics,"Fire Kids Edition Tablet, 7 Display, Wi-Fi, 16 GB, Green Kid-Proof Case,Fire Tablets,Tablets,All Tablets,Amazon Tablets,Computers & Tablets",2,0,Electronic Devices
"Fire Kids Edition Tablet, 7 Display, Wi-Fi, 16 GB, Blue Kid-Proof Case","Computers,Fire Tablets,Electronics Features,Computer Accessories,Tablets,Top Rated,Amazon Tablets,Electronics,Kids' Tablets,iPad & Tablets,Cases & Bags,Electronics, Tech Toys, Movies, Music,Computers & Tablets",Electronics,"Fire Kids Edition Tablet, 7 Display, Wi-Fi, 16 GB, Blue Kid-Proof Case,Computers,Fire Tablets,Electronics Features,Computer Accessories,Tablets,Top Rated,Amazon Tablets,Electronics,Kids' Tablets,iPad & Tablets,Cases & Bags,Electronics, Tech Toys, Movies, Music,Computers & Tablets",2,0,Electronic Devices
"Fire HD 8 Tablet with Alexa, 8"" HD Display, 32 GB, Tangerine - with Special Offers","Tablets,Fire Tablets,Computers & Tablets,All Tablets",Electronics,"Fire HD 8 Tablet with Alexa, 8"" HD Display, 32 GB, Tangerine - with Special Offers,Tablets,Fire Tablets,Computers & Tablets,All Tablets",2,0,Electronic Devices
"Fire HD 8 Tablet with Alexa, 8 HD Display, 32 GB, Tangerine - with Special Offers","Fire Tablets,Tablets,All Tablets,Amazon Tablets,Computers & Tablets",Electronics,"Fire HD 8 Tablet with Alexa, 8 HD Display, 32 GB, Tangerine - with Special Offers,Fire Tablets,Tablets,All Tablets,Amazon Tablets,Computers & Tablets",2,0,Electronic Devices
"Fire HD 8 Tablet with Alexa, 8 HD Display, 16 GB, Tangerine - with Special Offers","Fire Tablets,Tablets,All Tablets,Amazon Tablets,Genuine Tablet Accessories,Computers & Tablets,Electronics,Amazon",Electronics,"Fire HD 8 Tablet with Alexa, 8 HD Display, 16 GB, Tangerine - with Special Offers,Fire Tablets,Tablets,All Tablets,Amazon Tablets,Genuine Tablet Accessories,Computers & Tablets,Electronics,Amazon",2,0,Electronic Devices
"Fire HD 10 Tablet, 10.1 HD Display, Wi-Fi, 16 GB - Includes Special Offers, Silver Aluminum","eBook Readers,Fire Tablets,Electronics Features,Tablets,Amazon Tablets,College Ipads & Tablets,Electronics,Electronics Deals,College Electronics,Featured Brands,All Tablets,Computers & Tablets,Back To College,Amazon Devices,Tablets & E-Readers","Office Supplies,Electronics","Fire HD 10 Tablet, 10.1 HD Display, Wi-Fi, 16 GB - Includes Special Offers, Silver Aluminum,eBook Readers,Fire Tablets,Electronics Features,Tablets,Amazon Tablets,College Ipads & Tablets,Electronics,Electronics Deals,College Electronics,Featured Brands,All Tablets,Computers & Tablets,Back To College,Amazon Devices,Tablets & E-Readers",2,0,Electronic Devices
Expanding Accordion File Folder Plastic Portable Document Organizer Letter Size,"Office,File Jackets & File Pockets,File Folders & Accessories,Files & Supplies,Office Solutions,Office Supplies,Office Product,Business & Industrial,Office & School Supplies,Expanding File Jackets Pockets,Smead,Office Products,File & Folder Accessories,Filing, Storage & Binding,Accessories,Expanding Files,See more File Pocket Expanding Folder Office Organizer ...,Filing Products,Expanding Wallets,Filing & Organizers,Expanding File Jackets & Pockets",Office Supplies,"Expanding Accordion File Folder Plastic Portable Document Organizer Letter Size,Office,File Jackets & File Pockets,File Folders & Accessories,Files & Supplies,Office Solutions,Office Supplies,Office Product,Business & Industrial,Office & School Supplies,Expanding File Jackets Pockets,Smead,Office Products,File & Folder Accessories,Filing, Storage & Binding,Accessories,Expanding Files,See more File Pocket Expanding Folder Office Organizer ...,Filing Products,Expanding Wallets,Filing & Organizers,Expanding File Jackets & Pockets",0,4,Household & Pet Supplies
Echo Spot Pair Kit (Black),"Amazon Echo,Networking,Home & Tools,Smart Home Automation,Smart Speakers,Electronics,TVs Entertainment,New Networking,Smart Hub & Kits,Digital Device 3,Speakers & Audio Systems,Consumer Electronics,Wireless Speakers,See more Amazon Echo Spot Smart Assistant - Black,Smart Speakers, Hubs & Accessories,Home Improvement,Amazon Home,Surveillance & Smart Home Electronics,Virtual Assistant Speakers Displays,Home & Outdoors,Amazon,Bluetooth Speakers",Electronics,"Echo Spot Pair Kit (Black),Amazon Echo,Networking,Home & Tools,Smart Home Automation,Smart Speakers,Electronics,TVs Entertainment,New Networking,Smart Hub & Kits,Digital Device 3,Speakers & Audio Systems,Consumer Electronics,Wireless Speakers,See more Amazon Echo Spot Smart Assistant - Black,Smart Speakers, Hubs & Accessories,Home Improvement,Amazon Home,Surveillance & Smart Home Electronics,Virtual Assistant Speakers Displays,Home & Outdoors,Amazon,Bluetooth Speakers",3,2,Smart Home Devices
Echo Dot (Previous generation),"Consumer Electronics,Amazon Echo,Electronics Features,MP3 MP4 Player Accessories,Amazon Home,Voice-Enabled Smart Assistants,Digital Device 3",Electronics,"Echo Dot (Previous generation),Consumer Electronics,Amazon Echo,Electronics Features,MP3 MP4 Player Accessories,Amazon Home,Voice-Enabled Smart Assistants,Digital Device 3",3,2,Smart Home Devices
Certified Refurbished Amazon Fire TV with Alexa Voice Remote,"Amazon SMP,Categories,Streaming Media Players,Electronics,Fire TV,Digital Device 4",Electronics,"Certified Refurbished Amazon Fire TV with Alexa Voice Remote,Amazon SMP,Categories,Streaming Media Players,Electronics,Fire TV,Digital Device 4",5,1,"TV, Streaming & Media Players"
Certified Refurbished Amazon Echo,"Consumer Electronics,Amazon Echo,Smart Speakers, Hubs & Accessories,Smart Speakers,Amazon Home,Surveillance & Smart Home Electronics,Digital Device 3",Electronics,"Certified Refurbished Amazon Echo,Consumer Electronics,Amazon Echo,Smart Speakers, Hubs & Accessories,Smart Speakers,Amazon Home,Surveillance & Smart Home Electronics,Digital Device 3",3,2,Smart Home Devices
Cat Litter Box Covered Tray Kitten Extra Large Enclosed Hooded Hidden Toilet,"Standard Litter Boxes,Litter Boxes,Cat Supplies,Pet Supplies,Top Cat Supplies,Pet Products",Animals & Pet Supplies,"Cat Litter Box Covered Tray Kitten Extra Large Enclosed Hooded Hidden Toilet,Standard Litter Boxes,Litter Boxes,Cat Supplies,Pet Supplies,Top Cat Supplies,Pet Products",0,4,Household & Pet Supplies
"Brand New Amazon Kindle Fire 16gb 7"" Ips Display Tablet Wifi 16 Gb Blue","Computers/Tablets & Networking,Tablets & eBook Readers,Computers & Tablets,Tablets,All Tablets",Electronics,"Brand New Amazon Kindle Fire 16gb 7"" Ips Display Tablet Wifi 16 Gb Blue,Computers/Tablets & Networking,Tablets & eBook Readers,Computers & Tablets,Tablets,All Tablets",2,0,Electronic Devices
AmazonBasics Ventilated Adjustable Laptop Stand,"Laptop Computer Stands,Electronics Features,Stands, Holders & Car Mounts,Home Office Furniture,Electronics,Office & School Supplies,Computers Features,Personal Computer,Office Furniture & Lighting,Furniture,Office Products,Desk Accessories & Workspace Organizers,Office Furniture Lighting,Computer Add On,Stands,Computers/Tablets & Networking,Platforms, Stands & Shelves,Laptop & Desktop Accessories,Laptop Cases & Bags,Notebook Computer Stands",Electronics,"AmazonBasics Ventilated Adjustable Laptop Stand,Laptop Computer Stands,Electronics Features,Stands, Holders & Car Mounts,Home Office Furniture,Electronics,Office & School Supplies,Computers Features,Personal Computer,Office Furniture & Lighting,Furniture,Office Products,Desk Accessories & Workspace Organizers,Office Furniture Lighting,Computer Add On,Stands,Computers/Tablets & Networking,Platforms, Stands & Shelves,Laptop & Desktop Accessories,Laptop Cases & Bags,Notebook Computer Stands",0,4,Household & Pet Supplies
AmazonBasics USB 3.0 Cable - A-Male to B-Male - 6 Feet (1.8 Meters),"Accessories,USB Cables,Computers & Accessories,Computer Accessories & Peripherals,Electronics,Cables,Cables & Interconnects",Electronics,"AmazonBasics USB 3.0 Cable - A-Male to B-Male - 6 Feet (1.8 Meters),Accessories,USB Cables,Computers & Accessories,Computer Accessories & Peripherals,Electronics,Cables,Cables & Interconnects",4,4,Electronic Device Accessories
AmazonBasics Single-Door Folding Metal Dog Crate - Large (42x28x30 Inches),"Crate Training,Crates Kennels,Pet Supplies,Why Keep Them Waiting Prime Free Two-Day Shipping,Custom Stores,Dog Supplies,Pet Products,Top Selection from AmazonPets,Cages & Crates,Crates & Kennels",Animals & Pet Supplies,"AmazonBasics Single-Door Folding Metal Dog Crate - Large (42x28x30 Inches),Crate Training,Crates Kennels,Pet Supplies,Why Keep Them Waiting Prime Free Two-Day Shipping,Custom Stores,Dog Supplies,Pet Products,Top Selection from AmazonPets,Cages & Crates,Crates & Kennels",0,4,Household & Pet Supplies
AmazonBasics Silicone Hot Handle Cover/Holder - Red,"Home & Garden,Oven Mitts & Potholders,Kitchen, Dining & Bar,Cookware,Kitchen,Home & Kitchen,Cookware Accessories,Linens & Textiles,Kitchen & Dining",Home & Garden,"AmazonBasics Silicone Hot Handle Cover/Holder - Red,Home & Garden,Oven Mitts & Potholders,Kitchen, Dining & Bar,Cookware,Kitchen,Home & Kitchen,Cookware Accessories,Linens & Textiles,Kitchen & Dining",3,1,Smart Home Devices
AmazonBasics Nylon CD/DVD Binder (400 Capacity),"Audio & Video Accessories,TV, Video & Home Audio,Home Audio & Video Accessories,DVD Cases,Electronics,Media Cases & Storage,TV, Video & Audio Accessories,Media Storage & Organization,Disc Storage Wallets,Consumer Electronics,CD, DVD & Blu-ray Discs,Blank Audio/Video Media,Accessories & Supplies,all electronics",Electronics,"AmazonBasics Nylon CD/DVD Binder (400 Capacity),Audio & Video Accessories,TV, Video & Home Audio,Home Audio & Video Accessories,DVD Cases,Electronics,Media Cases & Storage,TV, Video & Audio Accessories,Media Storage & Organization,Disc Storage Wallets,Consumer Electronics,CD, DVD & Blu-ray Discs,Blank Audio/Video Media,Accessories & Supplies,all electronics",5,1,"TV, Streaming & Media Players"
AmazonBasics Nespresso Pod Storage Drawer - 50 Capsule Capacity,"Home & Garden,Kitchen Storage & Organization,Kitchen, Dining & Bar,Kitchen & Dining Features,Food Storage,Racks & Holders,Kitchen & Dining,Home Kitchen Features,Home & Kitchen Features,Home & Kitchen,Kitchen,Coffee Pod Holders,Kitchen Dining Features,Storage & Organization",Home & Garden,"AmazonBasics Nespresso Pod Storage Drawer - 50 Capsule Capacity,Home & Garden,Kitchen Storage & Organization,Kitchen, Dining & Bar,Kitchen & Dining Features,Food Storage,Racks & Holders,Kitchen & Dining,Home Kitchen Features,Home & Kitchen Features,Home & Kitchen,Kitchen,Coffee Pod Holders,Kitchen Dining Features,Storage & Organization",3,4,Smart Home Devices
AmazonBasics External Hard Drive Case,"Electronics Features,Drives, Storage & Blank Media,Hard Drive Pouches,Computers & Accessories,Computer Accessories & Peripherals,Hard Drive Accessories,Electronics,Computers Features,Personal Computer,Accessories,Hard Drive Bags Cases,Computers/Tablets & Networking,Drive Enclosures & Docks,Laptop & Desktop Accessories,Hard Drive Bags & Cases,Carrying Case Or Bag",Electronics,"AmazonBasics External Hard Drive Case,Electronics Features,Drives, Storage & Blank Media,Hard Drive Pouches,Computers & Accessories,Computer Accessories & Peripherals,Hard Drive Accessories,Electronics,Computers Features,Personal Computer,Accessories,Hard Drive Bags Cases,Computers/Tablets & Networking,Drive Enclosures & Docks,Laptop & Desktop Accessories,Hard Drive Bags & Cases,Carrying Case Or Bag",4,4,Electronic Device Accessories
AmazonBasics Double-Door Folding Metal Dog Crate - Medium (36x23x25 Inches),"Crate Training,Crates Kennels,Pet Supplies,Dogs,City Sniffers,Custom Stores,Dog Supplies,Top Selection from AmazonPets,Pet Products,Cages & Crates,See more AmazonBasics Double Door Folding Metal Dog Cra...",Animals & Pet Supplies,"AmazonBasics Double-Door Folding Metal Dog Crate - Medium (36x23x25 Inches),Crate Training,Crates Kennels,Pet Supplies,Dogs,City Sniffers,Custom Stores,Dog Supplies,Top Selection from AmazonPets,Pet Products,Cages & Crates,See more AmazonBasics Double Door Folding Metal Dog Cra...",0,4,Household & Pet Supplies
AmazonBasics Bluetooth Keyboard for Android Devices - Black,"Electronics Features,Computers & Accessories,Computer Accessories & Peripherals,Keyboards,Electronics,Amazon Device Accessories,Digital Device Accessory,Keyboards, Mice & Accessories,Tablet Accessories,14701001",Electronics,"AmazonBasics Bluetooth Keyboard for Android Devices - Black,Electronics Features,Computers & Accessories,Computer Accessories & Peripherals,Keyboards,Electronics,Amazon Device Accessories,Digital Device Accessory,Keyboards, Mice & Accessories,Tablet Accessories,14701001",4,4,Electronic Device Accessories
AmazonBasics Backpack for Laptops up to 17-inches,"Portable Computer Accessories,Bags, Cases & Sleeves,Accessories,Computers & Accessories,Laptop Accessories,Electronics,Backpacks",Electronics,"AmazonBasics Backpack for Laptops up to 17-inches,Portable Computer Accessories,Bags, Cases & Sleeves,Accessories,Computers & Accessories,Laptop Accessories,Electronics,Backpacks",4,4,Electronic Device Accessories
AmazonBasics AAA Performance Alkaline Batteries (36 Count),"AA,AAA,Health,Electronics,Health & Household,Camcorder Batteries,Camera & Photo,Batteries,Household Batteries,Robot Check,Accessories,Camera Batteries,Health and Beauty,Household Supplies,Batteries & Chargers,Health, Household & Baby Care,Health Personal Care",Health & Beauty,"AmazonBasics AAA Performance Alkaline Batteries (36 Count),AA,AAA,Health,Electronics,Health & Household,Camcorder Batteries,Camera & Photo,Batteries,Household Batteries,Robot Check,Accessories,Camera Batteries,Health and Beauty,Household Supplies,Batteries & Chargers,Health, Household & Baby Care,Health Personal Care",0,4,Household & Pet Supplies
AmazonBasics AA Performance Alkaline Batteries (48 Count) - Packaging May Vary,"AA,AAA,Electronics Features,Health,Electronics,Health & Household,Camcorder Batteries,Camera & Photo,Batteries,Household Batteries,Accessories,Camera Batteries,Health and Beauty,Household Supplies,Batteries & Chargers,Health, Household & Baby Care,Health Personal Care",Health & Beauty,"AmazonBasics AA Performance Alkaline Batteries (48 Count) - Packaging May Vary,AA,AAA,Electronics Features,Health,Electronics,Health & Household,Camcorder Batteries,Camera & Photo,Batteries,Household Batteries,Accessories,Camera Batteries,Health and Beauty,Household Supplies,Batteries & Chargers,Health, Household & Baby Care,Health Personal Care",0,4,Household & Pet Supplies
AmazonBasics 16-Gauge Speaker Wire - 100 Feet,"Audio & Video Accessories,AmazonBasics,Car Audio & Video Installation,Electronics Features,Speaker Cables,Wired Headsets & Speakers,Audio Cables,Electronics,Speakers,Cable Or Adapter,Cables & Interconnects,Consumer Electronics,Cases & Covers,Power & Speaker Wire,Accessories & Supplies,Vehicle Electronics & GPS",Electronics,"AmazonBasics 16-Gauge Speaker Wire - 100 Feet,Audio & Video Accessories,AmazonBasics,Car Audio & Video Installation,Electronics Features,Speaker Cables,Wired Headsets & Speakers,Audio Cables,Electronics,Speakers,Cable Or Adapter,Cables & Interconnects,Consumer Electronics,Cases & Covers,Power & Speaker Wire,Accessories & Supplies,Vehicle Electronics & GPS",4,1,Electronic Device Accessories
AmazonBasics 15.6-Inch Laptop and Tablet Bag,"Bags, Cases & Sleeves,Computers & Accessories,See more AmazonBasics 15.6 Inch Laptop And Tablet Bag -...,Electronics,Tablet Accessories,Accessories,Computers/Tablets & Networking,Messenger Bags,Bags,Laptop & Desktop Accessories,Laptop Cases & Bags,Laptop Accessories,Cases,computers,Backpacks",Electronics,"AmazonBasics 15.6-Inch Laptop and Tablet Bag,Bags, Cases & Sleeves,Computers & Accessories,See more AmazonBasics 15.6 Inch Laptop And Tablet Bag -...,Electronics,Tablet Accessories,Accessories,Computers/Tablets & Networking,Messenger Bags,Bags,Laptop & Desktop Accessories,Laptop Cases & Bags,Laptop Accessories,Cases,computers,Backpacks",4,4,Electronic Device Accessories
AmazonBasics 11.6-Inch Laptop Sleeve,"Portable Computer Accessories,Bags, Cases & Sleeves,Accessories,Sleeves,Computers & Accessories,Laptop Accessories,Electronics,computers",Electronics,"AmazonBasics 11.6-Inch Laptop Sleeve,Portable Computer Accessories,Bags, Cases & Sleeves,Accessories,Sleeves,Computers & Accessories,Laptop Accessories,Electronics,computers",4,4,Electronic Device Accessories
Amazon Tap Smart Assistant Alexaenabled (black) Brand New,"Amazon Echo,Home Theater & Audio,MP3 MP4 Player Accessories,Smart Speakers,Electronics,Portable Audio,Compact Radios Stereos,Smart Hubs & Wireless Routers,Featured Brands,Smart Home & Connected Living,Home Security,Kindle Store,Electronic Components,Home Automation,Smart Speakers, Hubs & Accessories,Mobile Bluetooth Speakers,Home, Garage & Office,Amazon Tap,Home,Mobile Speakers,TVs & Electronics,Portable Bluetooth Speakers,Bluetooth & Wireless Speakers,Electronics Features,TV, Video & Home Audio,Frys,Media Streamers,Speakers,Mobile,Digital Device 3,Consumer Electronics,Smart Home,Home Improvement,Electronics, Tech Toys, Movies, Music,Smart Home & Home Automation Devices,Smart Hubs,MP3 Player Accessories,Home Safety & Security,Voice Assistants,Amazon Home,Alarms & Sensors,Surveillance & Smart Home Electronics,Portable Audio & Electronics,Amazon Devices,Audio,Bluetooth Speakers,MP3 Accessories,All Bluetooth & Wireless Speakers",Electronics,"Amazon Tap Smart Assistant Alexaenabled (black) Brand New,Amazon Echo,Home Theater & Audio,MP3 MP4 Player Accessories,Smart Speakers,Electronics,Portable Audio,Compact Radios Stereos,Smart Hubs & Wireless Routers,Featured Brands,Smart Home & Connected Living,Home Security,Kindle Store,Electronic Components,Home Automation,Smart Speakers, Hubs & Accessories,Mobile Bluetooth Speakers,Home, Garage & Office,Amazon Tap,Home,Mobile Speakers,TVs & Electronics,Portable Bluetooth Speakers,Bluetooth & Wireless Speakers,Electronics Features,TV, Video & Home Audio,Frys,Media Streamers,Speakers,Mobile,Digital Device 3,Consumer Electronics,Smart Home,Home Improvement,Electronics, Tech Toys, Movies, Music,Smart Home & Home Automation Devices,Smart Hubs,MP3 Player Accessories,Home Safety & Security,Voice Assistants,Amazon Home,Alarms & Sensors,Surveillance & Smart Home Electronics,Portable Audio & Electronics,Amazon Devices,Audio,Bluetooth Speakers,MP3 Accessories,All Bluetooth & Wireless Speakers",3,2,Smart Home Devices
Amazon Tap - Alexa-Enabled Portable Bluetooth Speaker,"Amazon Echo,Home Theater & Audio,MP3 MP4 Player Accessories,Electronics,Portable Audio,Compact Radios Stereos,Smart Hubs & Wireless Routers,Featured Brands,Smart Home & Connected Living,Home Security,Kindle Store,Electronic Components,Home Automation,Mobile Bluetooth Speakers,Home, Garage & Office,Amazon Tap,Home,Mobile Speakers,TVs & Electronics,Portable Bluetooth Speakers,Bluetooth & Wireless Speakers,Electronics Features,Frys,Speakers,Mobile,Digital Device 3,Smart Home,Home Improvement,Electronics, Tech Toys, Movies, Music,Smart Home & Home Automation Devices,Smart Hubs,MP3 Player Accessories,Home Safety & Security,Voice Assistants,Amazon Home,Alarms & Sensors,Portable Audio & Electronics,Amazon Devices,Audio,Bluetooth Speakers,MP3 Accessories,All Bluetooth & Wireless Speakers",Electronics,"Amazon Tap - Alexa-Enabled Portable Bluetooth Speaker,Amazon Echo,Home Theater & Audio,MP3 MP4 Player Accessories,Electronics,Portable Audio,Compact Radios Stereos,Smart Hubs & Wireless Routers,Featured Brands,Smart Home & Connected Living,Home Security,Kindle Store,Electronic Components,Home Automation,Mobile Bluetooth Speakers,Home, Garage & Office,Amazon Tap,Home,Mobile Speakers,TVs & Electronics,Portable Bluetooth Speakers,Bluetooth & Wireless Speakers,Electronics Features,Frys,Speakers,Mobile,Digital Device 3,Smart Home,Home Improvement,Electronics, Tech Toys, Movies, Music,Smart Home & Home Automation Devices,Smart Hubs,MP3 Player Accessories,Home Safety & Security,Voice Assistants,Amazon Home,Alarms & Sensors,Portable Audio & Electronics,Amazon Devices,Audio,Bluetooth Speakers,MP3 Accessories,All Bluetooth & Wireless Speakers",3,2,Smart Home Devices
Amazon Kindle Replacement Power Adapter (Fits Latest Generation Kindle and Kindle DX) For shipment in the U.S only,"Computers & Accessories,Electronics,Amazon Device Accessories,Digital Device Accessory,Abis Electronics,Tablet Accessories,Power Adapters",Electronics,"Amazon Kindle Replacement Power Adapter (Fits Latest Generation Kindle and Kindle DX) For shipment in the U.S only,Computers & Accessories,Electronics,Amazon Device Accessories,Digital Device Accessory,Abis Electronics,Tablet Accessories,Power Adapters",4,4,Electronic Device Accessories
"Amazon Kindle E-Reader 6"" Wifi (8th Generation, 2016)","Computers,Electronics Features,Tablets,Electronics,iPad & Tablets,Kindle E-readers,iPad Accessories,Used:Tablets,E-Readers,E-Readers & Accessories,Computers/Tablets & Networking,Used:Computers Accessories,iPads Tablets,All Tablets,Tablets & E-readers,Computers & Tablets,Amazon,Tablets & eBook Readers",Electronics,"Amazon Kindle E-Reader 6"" Wifi (8th Generation, 2016),Computers,Electronics Features,Tablets,Electronics,iPad & Tablets,Kindle E-readers,iPad Accessories,Used:Tablets,E-Readers,E-Readers & Accessories,Computers/Tablets & Networking,Used:Computers Accessories,iPads Tablets,All Tablets,Tablets & E-readers,Computers & Tablets,Amazon,Tablets & eBook Readers",2,3,Electronic Devices
Amazon Kindle Charger Power Adapter Wall Charger And Usb Cable Micro Usb Cord,"Computers & Accessories,Computer Accessories & Peripherals,Electronics,Power Adapters & Cables,Amazon Book Reader Accessory,Digital Device Accessory,Cables & Interconnects,Tablet & eBook Reader Accs,Computers/Tablets & Networking,USB Cables,See more Amazon Kindle Fire 5-Feet Micro USB Cable - Wh...,Power Adapters Cables,Chargers & Sync Cables",Electronics,"Amazon Kindle Charger Power Adapter Wall Charger And Usb Cable Micro Usb Cord,Computers & Accessories,Computer Accessories & Peripherals,Electronics,Power Adapters & Cables,Amazon Book Reader Accessory,Digital Device Accessory,Cables & Interconnects,Tablet & eBook Reader Accs,Computers/Tablets & Networking,USB Cables,See more Amazon Kindle Fire 5-Feet Micro USB Cable - Wh...,Power Adapters Cables,Chargers & Sync Cables",4,4,Electronic Device Accessories
Amazon Fire TV with 4K Ultra HD and Alexa Voice Remote (Pendant Design) | Streaming Media Player,"Amazon SMP,TV, Video & Home Audio,Electronics,Electronics Deals,TVs Entertainment,Digital Device 4,Tvs & Home Theater,Featured Brands,Video Devices & TV Tuners,Consumer Electronics,TV & Video,Internet & Media Streamers,Streaming Media Players,Fire TV,Streaming Devices,Amazon Devices,Amazon,See more Amazon Fire TV with Alexa Voice Remote Digital...",Electronics,"Amazon Fire TV with 4K Ultra HD and Alexa Voice Remote (Pendant Design) | Streaming Media Player,Amazon SMP,TV, Video & Home Audio,Electronics,Electronics Deals,TVs Entertainment,Digital Device 4,Tvs & Home Theater,Featured Brands,Video Devices & TV Tuners,Consumer Electronics,TV & Video,Internet & Media Streamers,Streaming Media Players,Fire TV,Streaming Devices,Amazon Devices,Amazon,See more Amazon Fire TV with Alexa Voice Remote Digital...",5,1,"TV, Streaming & Media Players"
Amazon Fire TV Gaming Edition Streaming Media Player,"Amazon SMP,Electronics Features,Kids & Family,TV, Video & Home Audio,Frys,Digital Device 4,Consumer Electronics,Kids Family,Video Games,Internet & Media Streamers,Streaming Media Players,Fire TV,Home Audio,Consoles",Electronics,"Amazon Fire TV Gaming Edition Streaming Media Player,Amazon SMP,Electronics Features,Kids & Family,TV, Video & Home Audio,Frys,Digital Device 4,Consumer Electronics,Kids Family,Video Games,Internet & Media Streamers,Streaming Media Players,Fire TV,Home Audio,Consoles",5,1,"TV, Streaming & Media Players"
"Amazon Fire HD 8 with Alexa (8"" HD Display Tablet)","Fire Tablets,Computers/Tablets & Networking,Tablets,All Tablets,Amazon Tablets,Computers & Tablets,Electronics,Amazon,Tablets & eBook Readers,Tablets & E-Readers",Electronics,"Amazon Fire HD 8 with Alexa (8"" HD Display Tablet),Fire Tablets,Computers/Tablets & Networking,Tablets,All Tablets,Amazon Tablets,Computers & Tablets,Electronics,Amazon,Tablets & eBook Readers,Tablets & E-Readers",2,0,Electronic Devices
Amazon Echo ‚Äì White,"Stereos,Remote Controls,Audio Docks & Mini Speakers,Kitchen & Dining Features,Home & Tools,Electronics,New Networking,Wireless Speakers,Home, Garage & Office,Portable Speakers,iPod, Audio Player Accessories,Smart Home,Surveillance,Home Improvement,Smart Home & Home Automation Devices,Alarms & Sensors,Amazon Devices,Amazon,Holiday Shop,Kitchen Dining Features,Amazon Echo,Amazon Echo Accessories,Networking,Speaker Systems,TVs Entertainment,Clearance,Smart Hubs & Wireless Routers,Featured Brands,Smart Home & Connected Living,Home Security,Kindle Store,Home Automation,Home,Voice-Enabled Smart Assistants,Virtual Assistant Speakers,Portable Audio & Headphones,Electronics Features,Smart Home Automation,Amazon Device Accessories,Speakers,Smart Hub & Kits,Digital Device 3,Home & Furniture Clearance,Consumer Electronics,Smart Hubs,Home Safety & Security,Voice Assistants,Amazon Home,Virtual Assistant Speakers Displays,Audio",Electronics,"Amazon Echo ‚Äì White,Stereos,Remote Controls,Audio Docks & Mini Speakers,Kitchen & Dining Features,Home & Tools,Electronics,New Networking,Wireless Speakers,Home, Garage & Office,Portable Speakers,iPod, Audio Player Accessories,Smart Home,Surveillance,Home Improvement,Smart Home & Home Automation Devices,Alarms & Sensors,Amazon Devices,Amazon,Holiday Shop,Kitchen Dining Features,Amazon Echo,Amazon Echo Accessories,Networking,Speaker Systems,TVs Entertainment,Clearance,Smart Hubs & Wireless Routers,Featured Brands,Smart Home & Connected Living,Home Security,Kindle Store,Home Automation,Home,Voice-Enabled Smart Assistants,Virtual Assistant Speakers,Portable Audio & Headphones,Electronics Features,Smart Home Automation,Amazon Device Accessories,Speakers,Smart Hub & Kits,Digital Device 3,Home & Furniture Clearance,Consumer Electronics,Smart Hubs,Home Safety & Security,Voice Assistants,Amazon Home,Virtual Assistant Speakers Displays,Audio",3,2,Smart Home Devices
"Amazon Echo Show Alexa-enabled Bluetooth Speaker with 7"" Screen","Computers,Amazon Echo,Virtual Assistant Speakers,Audio & Video Components,Electronics Features,Computer Accessories,Home & Tools,See more Amazon Echo Show Smart Assistant - White,Smart Home Automation,Electronics,TVs Entertainment,Speakers,Smart Hub & Kits,Digital Device 3,Consumer Electronics,Wireless Speakers,Home Improvement,Amazon Home,Amazon,Computer Speakers,Voice-Enabled Smart Assistants Amazon Echo,Virtual Assistant Speakers,Electronics Features,Home & Tools,Smart Home Automation,TVs Entertainment,Speakers,Smart Hub & Kits,Digital Device 3,Wireless Speakers,Smart Home,Home Improvement,Voice Assistants,Amazon Home,Amazon","Electronics,Hardware","Amazon Echo Show Alexa-enabled Bluetooth Speaker with 7"" Screen,Computers,Amazon Echo,Virtual Assistant Speakers,Audio & Video Components,Electronics Features,Computer Accessories,Home & Tools,See more Amazon Echo Show Smart Assistant - White,Smart Home Automation,Electronics,TVs Entertainment,Speakers,Smart Hub & Kits,Digital Device 3,Consumer Electronics,Wireless Speakers,Home Improvement,Amazon Home,Amazon,Computer Speakers,Voice-Enabled Smart Assistants Amazon Echo,Virtual Assistant Speakers,Electronics Features,Home & Tools,Smart Home Automation,TVs Entertainment,Speakers,Smart Hub & Kits,Digital Device 3,Wireless Speakers,Smart Home,Home Improvement,Voice Assistants,Amazon Home,Amazon",3,2,Smart Home Devices
Amazon Echo Show - Black,"Amazon Echo,Virtual Assistant Speakers,Electronics Features,Networking,Home & Tools,Smart Home Automation,Electronics,TVs Entertainment,Speakers,New Networking,Smart Hub & Kits,Digital Device 3,Speakers & Audio Systems,Wireless Speakers,Smart Home,Home Improvement,Voice Assistants,Amazon Home,Virtual Assistant Speakers Displays,Home & Outdoors,Amazon,Bluetooth Speakers",Electronics,"Amazon Echo Show - Black,Amazon Echo,Virtual Assistant Speakers,Electronics Features,Networking,Home & Tools,Smart Home Automation,Electronics,TVs Entertainment,Speakers,New Networking,Smart Hub & Kits,Digital Device 3,Speakers & Audio Systems,Wireless Speakers,Smart Home,Home Improvement,Voice Assistants,Amazon Home,Virtual Assistant Speakers Displays,Home & Outdoors,Amazon,Bluetooth Speakers",3,2,Smart Home Devices
Amazon Echo (2nd Generation) Smart Assistant Oak Finish Priority Shipping,"Amazon Echo,Smart Speakers,Electronics,Digital Device 3,Home Audio & Home Theater,Consumer Electronics,Smart Home,Smart Speakers, Hubs & Accessories,Voice Assistants,Amazon Home,Surveillance & Smart Home Electronics,Amazon,Home Audio Speakers",Electronics,"Amazon Echo (2nd Generation) Smart Assistant Oak Finish Priority Shipping,Amazon Echo,Smart Speakers,Electronics,Digital Device 3,Home Audio & Home Theater,Consumer Electronics,Smart Home,Smart Speakers, Hubs & Accessories,Voice Assistants,Amazon Home,Surveillance & Smart Home Electronics,Amazon,Home Audio Speakers",3,2,Smart Home Devices
Amazon Echo (1st Generationcertified) Color:White Free Shipping,"Amazon Echo,See more Amazon Echo (1st Generation) Smart Assistant -...,Smart Speakers,Smart Speaker & Hub Accessories,Electronics,Digital Device 3,Consumer Electronics,Home Audio & Home Theater,Smart Speakers, Hubs & Accessories,Amazon Home,Surveillance & Smart Home Electronics,Amazon,Voice-Enabled Smart Assistants,Home Audio Speakers",Electronics,"Amazon Echo (1st Generationcertified) Color:White Free Shipping,Amazon Echo,See more Amazon Echo (1st Generation) Smart Assistant -...,Smart Speakers,Smart Speaker & Hub Accessories,Electronics,Digital Device 3,Consumer Electronics,Home Audio & Home Theater,Smart Speakers, Hubs & Accessories,Amazon Home,Surveillance & Smart Home Electronics,Amazon,Voice-Enabled Smart Assistants,Home Audio Speakers",3,2,Smart Home Devices
Amazon 9W PowerFast Official OEM USB Charger and Power Adapter for Fire Tablets and Kindle eReaders,"Computers & Accessories,Tablet & E-Reader Accessories,Amazon Devices & Accessories,Electronics,Power Adapters & Cables,Computers Features,Cell Phone Accessories,Cell Phone Batteries & Power,Digital Device Accessory,Tablet Accessories,Featured Brands,Kindle Fire (2nd Generation) Accessories,Kindle Store,Power Adapters Cables,Electrical,Home,Tablets & E-Readers,Chargers Adapters,Chargers & Adapters,Electronics Features,Fire Tablet Accessories,Amazon Book Reader Accessory,Cell Phones,Amazon Device Accessories,Home Improvement,Fire (5th Generation) Accessories,Amazon Devices,Cables & Chargers Computers & Accessories,Tablet & E-Reader Accessories,Amazon Devices & Accessories,Electronics,Power Adapters & Cables,Computers Features,Cell Phone Accessories,Cell Phone Batteries & Power,Digital Device Accessory,Tablet Accessories,Featured Brands,Kindle Fire (2nd Generation) Accessories,Kindle Store,Kindle Accessories,Power Adapters Cables,Electrical,Home,Tablets & E-Readers,Chargers Adapters,Chargers & Adapters,Electronics Features,Fire Tablet Accessories,Amazon Book Reader Accessory,Cell Phones,Amazon Device Accessories,Home Improvement,Fire (5th Generation) Accessories,Amazon Devices,Cables & Chargers",Electronics,"Amazon 9W PowerFast Official OEM USB Charger and Power Adapter for Fire Tablets and Kindle eReaders,Computers & Accessories,Tablet & E-Reader Accessories,Amazon Devices & Accessories,Electronics,Power Adapters & Cables,Computers Features,Cell Phone Accessories,Cell Phone Batteries & Power,Digital Device Accessory,Tablet Accessories,Featured Brands,Kindle Fire (2nd Generation) Accessories,Kindle Store,Power Adapters Cables,Electrical,Home,Tablets & E-Readers,Chargers Adapters,Chargers & Adapters,Electronics Features,Fire Tablet Accessories,Amazon Book Reader Accessory,Cell Phones,Amazon Device Accessories,Home Improvement,Fire (5th Generation) Accessories,Amazon Devices,Cables & Chargers Computers & Accessories,Tablet & E-Reader Accessories,Amazon Devices & Accessories,Electronics,Power Adapters & Cables,Computers Features,Cell Phone Accessories,Cell Phone Batteries & Power,Digital Device Accessory,Tablet Accessories,Featured Brands,Kindle Fire (2nd Generation) Accessories,Kindle Store,Kindle Accessories,Power Adapters Cables,Electrical,Home,Tablets & E-Readers,Chargers Adapters,Chargers & Adapters,Electronics Features,Fire Tablet Accessories,Amazon Book Reader Accessory,Cell Phones,Amazon Device Accessories,Home Improvement,Fire (5th Generation) Accessories,Amazon Devices,Cables & Chargers",4,4,Electronic Device Accessories
"Amazon - Kindle Voyage - 6"" - 4GB - Black","eBook Readers,Electronics Features,Walmart for Business,Tablets,See more Amazon Kindle Voyage (Wi-Fi),Electronics,Office Electronics,iPad & Tablets,Kindle E-readers,E-Readers & Accessories,All Tablets,See more Amazon Kindle Voyage 4GB, Wi-Fi  3G (Unlocked...,Computers & Tablets",Electronics,"Amazon - Kindle Voyage - 6"" - 4GB - Black,eBook Readers,Electronics Features,Walmart for Business,Tablets,See more Amazon Kindle Voyage (Wi-Fi),Electronics,Office Electronics,iPad & Tablets,Kindle E-readers,E-Readers & Accessories,All Tablets,See more Amazon Kindle Voyage 4GB, Wi-Fi  3G (Unlocked...,Computers & Tablets",1,3,Kindle E-Readers
Amazon - Kindle Voyage - 4GB - Wi-Fi + 3G - Black,"Computers & Tablets,E-Readers & Accessories,eBook Readers,Kindle E-readers",Electronics,"Amazon - Kindle Voyage - 4GB - Wi-Fi + 3G - Black,Computers & Tablets,E-Readers & Accessories,eBook Readers,Kindle E-readers",1,3,Kindle E-Readers
Amazon - Echo Plus w/ Built-In Hub - Silver,"Amazon Echo,Smart Home,Networking,Home & Tools,Home Improvement,Smart Home Automation,Voice Assistants,Amazon Home,Amazon,Smart Hub & Kits,Digital Device 3","Electronics,Hardware","Amazon - Echo Plus w/ Built-In Hub - Silver,Amazon Echo,Smart Home,Networking,Home & Tools,Home Improvement,Smart Home Automation,Voice Assistants,Amazon Home,Amazon,Smart Hub & Kits,Digital Device 3",3,2,Smart Home Devices
"All-new Echo (2nd Generation) with improved sound, powered by Dolby, and a new design Walnut Finish","Amazon Echo,Smart Speakers,Electronics,Digital Device 3,Home Audio & Home Theater,Consumer Electronics,Smart Home,Smart Speakers, Hubs & Accessories,Voice Assistants,Amazon Home,Surveillance & Smart Home Electronics,Amazon,Home Audio Speakers","Electronics,Furniture","All-new Echo (2nd Generation) with improved sound, powered by Dolby, and a new design Walnut Finish,Amazon Echo,Smart Speakers,Electronics,Digital Device 3,Home Audio & Home Theater,Consumer Electronics,Smart Home,Smart Speakers, Hubs & Accessories,Voice Assistants,Amazon Home,Surveillance & Smart Home Electronics,Amazon,Home Audio Speakers",3,2,Smart Home Devices
"All-New Kindle Oasis E-reader - 7 High-Resolution Display (300 ppi), Waterproof, Built-In Audible, 8 GB, Wi-Fi - Includes Special Offers","EBook Readers,Tablets,Electronics,Amazon Ereaders,Kindle E-readers,E-Readers,Featured Brands,E-Readers & Accessories,Amazon Book Reader,Computers & Tablets,Amazon Devices,Amazon,Tablets & E-Readers","Electronics,Media","All-New Kindle Oasis E-reader - 7 High-Resolution Display (300 ppi), Waterproof, Built-In Audible, 8 GB, Wi-Fi - Includes Special Offers,EBook Readers,Tablets,Electronics,Amazon Ereaders,Kindle E-readers,E-Readers,Featured Brands,E-Readers & Accessories,Amazon Book Reader,Computers & Tablets,Amazon Devices,Amazon,Tablets & E-Readers",1,3,Kindle E-Readers
"All-New Kindle Oasis E-reader - 7 High-Resolution Display (300 ppi), Waterproof, Built-In Audible, 32 GB, Wi-Fi - Includes Special Offers","E-Readers & Accessories,EBook Readers,Amazon Book Reader,Computers & Tablets,Amazon Ereaders,Kindle E-readers,E-Readers","Electronics,Media","All-New Kindle Oasis E-reader - 7 High-Resolution Display (300 ppi), Waterproof, Built-In Audible, 32 GB, Wi-Fi - Includes Special Offers,E-Readers & Accessories,EBook Readers,Amazon Book Reader,Computers & Tablets,Amazon Ereaders,Kindle E-readers,E-Readers",1,3,Kindle E-Readers
"All-New Kindle Oasis E-reader - 7 High-Resolution Display (300 ppi), Waterproof, Built-In Audible, 32 GB, Wi-Fi + Free Cellular Connectivity","Featured Brands,E-Readers & Accessories,EBook Readers,Tablets,Amazon Book Reader,Electronics,Computers & Tablets,Amazon Ereaders,Kindle E-readers,Amazon Devices,Tablets & E-Readers,E-Readers","Electronics,Media","All-New Kindle Oasis E-reader - 7 High-Resolution Display (300 ppi), Waterproof, Built-In Audible, 32 GB, Wi-Fi + Free Cellular Connectivity,Featured Brands,E-Readers & Accessories,EBook Readers,Tablets,Amazon Book Reader,Electronics,Computers & Tablets,Amazon Ereaders,Kindle E-readers,Amazon Devices,Tablets & E-Readers,E-Readers",1,3,Kindle E-Readers
"All-New Kindle E-reader - Black, 6"" Glare-Free Touchscreen Display, Wi-Fi - Includes Special Offers","Computers,Electronics Features,EBook Readers,Tablets,Electronics,Amazon Ereaders,iPad & Tablets,Kindle E-readers,iPad Accessories,Used:Tablets,E-Readers,E-Readers & Accessories,Computers/Tablets & Networking,Used:Computers Accessories,iPads Tablets,All Tablets,Tablets & E-readers,Amazon Book Reader,Computers & Tablets,Amazon,Tablets & eBook Readers",Electronics,"All-New Kindle E-reader - Black, 6"" Glare-Free Touchscreen Display, Wi-Fi - Includes Special Offers,Computers,Electronics Features,EBook Readers,Tablets,Electronics,Amazon Ereaders,iPad & Tablets,Kindle E-readers,iPad Accessories,Used:Tablets,E-Readers,E-Readers & Accessories,Computers/Tablets & Networking,Used:Computers Accessories,iPads Tablets,All Tablets,Tablets & E-readers,Amazon Book Reader,Computers & Tablets,Amazon,Tablets & eBook Readers",1,3,Kindle E-Readers
"All-New Fire HD 8 Tablet, 8"" HD Display, Wi-Fi, 32 GB - Includes Special Offers, Magenta","Tablets,Fire Tablets,Electronics,Computers,Computer Components,Hard Drives & Storage,Computers & Tablets,All Tablets",Electronics,"All-New Fire HD 8 Tablet, 8"" HD Display, Wi-Fi, 32 GB - Includes Special Offers, Magenta,Tablets,Fire Tablets,Electronics,Computers,Computer Components,Hard Drives & Storage,Computers & Tablets,All Tablets",2,0,Electronic Devices
"All-New Fire HD 8 Tablet, 8"" HD Display, Wi-Fi, 32 GB - Includes Special Offers, Black","Fire Tablets,Tablets,Computers/Tablets & Networking,Other Computers & Networking,Computers & Tablets,All Tablets",Electronics,"All-New Fire HD 8 Tablet, 8"" HD Display, Wi-Fi, 32 GB - Includes Special Offers, Black,Fire Tablets,Tablets,Computers/Tablets & Networking,Other Computers & Networking,Computers & Tablets,All Tablets",2,0,Electronic Devices
"All-New Fire HD 8 Tablet, 8"" HD Display, Wi-Fi, 16 GB - Includes Special Offers, Magenta","Electronics,iPad & Tablets,All Tablets,Fire Tablets,Tablets,Computers & Tablets",Electronics,"All-New Fire HD 8 Tablet, 8"" HD Display, Wi-Fi, 16 GB - Includes Special Offers, Magenta,Electronics,iPad & Tablets,All Tablets,Fire Tablets,Tablets,Computers & Tablets",2,0,Electronic Devices
"All-New Fire HD 8 Tablet, 8 HD Display, Wi-Fi, 32 GB - Includes Special Offers, Magenta","Fire Tablets,Computers,Tablets,All Tablets,Amazon Tablets,Computer Components,Electronics,Hard Drives & Storage,Computers & Tablets",Electronics,"All-New Fire HD 8 Tablet, 8 HD Display, Wi-Fi, 32 GB - Includes Special Offers, Magenta,Fire Tablets,Computers,Tablets,All Tablets,Amazon Tablets,Computer Components,Electronics,Hard Drives & Storage,Computers & Tablets",2,0,Electronic Devices
"All-New Fire HD 8 Tablet, 8 HD Display, Wi-Fi, 32 GB - Includes Special Offers, Blue","Fire Tablets,Tablets,All Tablets,Amazon Tablets,Computers & Tablets",Electronics,"All-New Fire HD 8 Tablet, 8 HD Display, Wi-Fi, 32 GB - Includes Special Offers, Blue,Fire Tablets,Tablets,All Tablets,Amazon Tablets,Computers & Tablets",2,0,Electronic Devices
"All-New Fire HD 8 Tablet, 8 HD Display, Wi-Fi, 32 GB - Includes Special Offers, Black","Fire Tablets,Computers/Tablets & Networking,Tablets,All Tablets,Amazon Tablets,Computers & Tablets,Other Computers & Networking",Electronics,"All-New Fire HD 8 Tablet, 8 HD Display, Wi-Fi, 32 GB - Includes Special Offers, Black,Fire Tablets,Computers/Tablets & Networking,Tablets,All Tablets,Amazon Tablets,Computers & Tablets,Other Computers & Networking",2,0,Electronic Devices
"All-New Fire HD 8 Tablet, 8 HD Display, Wi-Fi, 16 GB - Includes Special Offers, Blue","Fire Tablets,Tablets,All Tablets,Amazon Tablets",Electronics,"All-New Fire HD 8 Tablet, 8 HD Display, Wi-Fi, 16 GB - Includes Special Offers, Blue,Fire Tablets,Tablets,All Tablets,Amazon Tablets",2,0,Electronic Devices
"All-New Fire HD 8 Tablet, 8 HD Display, Wi-Fi, 16 GB - Includes Special Offers, Black","Fire Tablets,Computers/Tablets & Networking,Electronics Features,Tablets,All Tablets,Amazon Tablets,Computers & Tablets,Electronics,iPad & Tablets,Tablets & eBook Readers",Electronics,"All-New Fire HD 8 Tablet, 8 HD Display, Wi-Fi, 16 GB - Includes Special Offers, Black,Fire Tablets,Computers/Tablets & Networking,Electronics Features,Tablets,All Tablets,Amazon Tablets,Computers & Tablets,Electronics,iPad & Tablets,Tablets & eBook Readers",2,0,Electronic Devices
"All-New Fire HD 8 Tablet with Alexa, 8 HD Display, 32 GB, Marine Blue - with Special Offers","Fire Tablets,Computers/Tablets & Networking,Tablets,All Tablets,Amazon Tablets,Computers & Tablets,Electronics,Amazon,Tablets & eBook Readers",Electronics,"All-New Fire HD 8 Tablet with Alexa, 8 HD Display, 32 GB, Marine Blue - with Special Offers,Fire Tablets,Computers/Tablets & Networking,Tablets,All Tablets,Amazon Tablets,Computers & Tablets,Electronics,Amazon,Tablets & eBook Readers",2,0,Electronic Devices
"All-New Fire HD 8 Tablet with Alexa, 8 HD Display, 16 GB, Marine Blue - with Special Offers","Fire Tablets,Tablets,All Tablets,Amazon Tablets,Computers & Tablets",Electronics,"All-New Fire HD 8 Tablet with Alexa, 8 HD Display, 16 GB, Marine Blue - with Special Offers,Fire Tablets,Tablets,All Tablets,Amazon Tablets,Computers & Tablets",2,0,Electronic Devices
"All-New Fire HD 8 Kids Edition Tablet, 8 HD Display, 32 GB, Pink Kid-Proof Case","Fire Tablets,Tablets,Amazon Tablets,Computers & Tablets,Kids' Tablets",Electronics,"All-New Fire HD 8 Kids Edition Tablet, 8 HD Display, 32 GB, Pink Kid-Proof Case,Fire Tablets,Tablets,Amazon Tablets,Computers & Tablets,Kids' Tablets",2,0,Electronic Devices
"All-New Fire HD 8 Kids Edition Tablet, 8 HD Display, 32 GB, Blue Kid-Proof Case","Fire Tablets,Computers/Tablets & Networking,Walmart for Business,Tablets,Amazon Tablets,Tablets & E-readers,Kids' Tablets,Electronics,Computers & Tablets,Office Electronics,Amazon,Tablets & eBook Readers",Electronics,"All-New Fire HD 8 Kids Edition Tablet, 8 HD Display, 32 GB, Blue Kid-Proof Case,Fire Tablets,Computers/Tablets & Networking,Walmart for Business,Tablets,Amazon Tablets,Tablets & E-readers,Kids' Tablets,Electronics,Computers & Tablets,Office Electronics,Amazon,Tablets & eBook Readers",2,0,Electronic Devices
"All-New Fire 7 Tablet with Alexa, 7"" Display, 8 GB - Marine Blue","Fire Tablets,Computers/Tablets & Networking,Android Tablets,Tablets,All Tablets,Amazon Tablets,Electronics,Computers & Tablets,iPad & Tablets,Amazon,Tablets & eBook Readers,Tablets & E-Readers",Electronics,"All-New Fire 7 Tablet with Alexa, 7"" Display, 8 GB - Marine Blue,Fire Tablets,Computers/Tablets & Networking,Android Tablets,Tablets,All Tablets,Amazon Tablets,Electronics,Computers & Tablets,iPad & Tablets,Amazon,Tablets & eBook Readers,Tablets & E-Readers",2,0,Electronic Devices
